{
    "resolution_failure_rate": 0.12380952380952381,
    "compilation_failures_rate": 0.0,
    "test_failure_rate": 0.010869565217391304,
    "replacement_rate": 0.09209725234283626,
    "change_rate": 0.03431851986828874
}