{
    "resolution_failure_rate": 0.0970873786407767,
    "compilation_failures_rate": 0.0,
    "test_failure_rate": 0.010752688172043012,
    "replacement_rate": 0.0934686805467848,
    "change_rate": 0.03537059915510773
}